--CUSTOMER
insert into CUSTOMER (ID, AUTHORITY, EMAIL, NAME, PASSWORD, PHONE_NUMBER) values ('FBD8ACA10418439181A15C034A5B4D1A', 'CUSTOMER', 'cristian@customer.com', 'Cristian', '$2a$10$vRnatTBbl/M9hY1qTbUMw.HHMx2eqgGnH/MKBqYSHf9xNRmrxGIRi', '+40761243970');
insert into CUSTOMER (ID, AUTHORITY, EMAIL, NAME, PASSWORD, PHONE_NUMBER) values ('FBD8ACA10418469181A15C034A5B4D1A', 'CUSTOMER', 'mihai@customer.com', 'Mihai', '$2a$10$vRnatTBbl/M9hY1qTbUMw.HHMx2eqgGnH/MKBqYSHf9xNRmrxGIRi', '+40761243970');

--SUPPLIER
insert into SUPPLIER (ID, ADDRESS, NAME, POSTAL_CODE) values ('4A88E770788E49E48E8EFA281271A0B0', 'Strada Lalelelor Nr 17 Bucuresti', 'Grigore Mihai-Eduard', '124568');
insert into SUPPLIER (ID, ADDRESS, NAME, POSTAL_CODE) values ('7155A1CE32504AE694B029DDB2C94BB7', 'Strada Zamfir, Nr. 4, Iasi', 'Ioan Albert', '345678');

--WAREHOUSE
insert into WAREHOUSE (ID, ADDRESS, CITY, SUPPLIER_ID) values ('1711FACCDA9A4F08A96516B4012D657C', 'Strada Lalelelor, Nr 45, Bucursti', 'Bucuresti', '4A88E770788E49E48E8EFA281271A0B0');
insert into WAREHOUSE (ID, ADDRESS, CITY, SUPPLIER_ID) values ('A062AAA1643B486B9DB95C0CFED776C2', 'Strada Zamfir, Nr 45 Iasi', 'Iasi', '4A88E770788E49E48E8EFA281271A0B0');
insert into WAREHOUSE (ID, ADDRESS, CITY, SUPPLIER_ID) values ('843ED0DCC2D54E819EEE041D52DD7AB6', 'Strada Internetului, Nr 2, Focsani', 'Focsani', '7155A1CE32504AE694B029DDB2C94BB7');
insert into WAREHOUSE (ID, ADDRESS, CITY, SUPPLIER_ID) values ('8A7EA921074F4C9189BF431B82CAEA2E', 'STRADA FRUMOASA, NR 4 BUZAU', 'Buzau', '4A88E770788E49E48E8EFA281271A0B0');
insert into WAREHOUSE (ID, ADDRESS, CITY, SUPPLIER_ID) values ('9D0E0BEB4434464FAE22B377892DEC27', 'STRADA FRUMOASA, NR 4 BUZAU (de sters)', 'Cluj', null);
insert into WAREHOUSE (ID, ADDRESS, CITY, SUPPLIER_ID) values ('C96EC954BDEA4054890C350A85305608', 'Strada Sasenilor, Nr 6, Buzau Romania', 'Buzau', '7155A1CE32504AE694B029DDB2C94BB7');

--PRODUCT
insert into PRODUCT (ID, DESCRIPTION, IMAGE, PRICE, PRODUCT_NAME, SUPPLIER_ID) values ('91675E7E9CBA469C8EF1EDE1263EE416', 'afisare jumbo 1,8” cu luminozitate reglabila', null, 3, 'Ceas de masa digital LTC 02', '7155A1CE32504AE694B029DDB2C94BB7');
insert into PRODUCT (ID, DESCRIPTION, IMAGE, PRICE, PRODUCT_NAME, SUPPLIER_ID) values ('A315465F70BF420B8B84AB41B8135EFF', 'exterior, 15+1 becuri led RGB suspendate 0.8W', null, 223, 'Ghirlanda luminoasa cu 8 culori interschimbabile', '4A88E770788E49E48E8EFA281271A0B0');
insert into PRODUCT (ID, DESCRIPTION, IMAGE, PRICE, PRODUCT_NAME, SUPPLIER_ID) values ('6D1C59972F774A2191C5B44D8E793E2A', 'Bumbac, Albastru, Flori/Oriental', null, 221, 'Fata de masa, BonDia, 140 cm x 240 cm', '7155A1CE32504AE694B029DDB2C94BB7');
insert into PRODUCT (ID, DESCRIPTION, IMAGE, PRICE, PRODUCT_NAME, SUPPLIER_ID) values ('75C00205F77C4413BB055C8047CD963D', 'Alimentare de la sursa de alimentare si baterie.', null, 234, 'Statie meteo cu ceas', '4A88E770788E49E48E8EFA281271A0B0');

--ADDRESS
insert into ADDRESS (ID, ADDRESS, CITY, POSTAL_CODE, CUSTOMER_ID) values ('96EE77E0C1634F4E98D8A4BBF5EC51D9', 'Strada Sasenilor, Nr 4, Localitatea Buzau, Judetul Buzau, Romania', 'Buzau', '128632', 'FBD8ACA10418439181A15C034A5B4D1A');
insert into ADDRESS (ID, ADDRESS, CITY, POSTAL_CODE, CUSTOMER_ID) values ('47C27075866F42E69E19D968808DCEE2', 'Strada Viforului, Nr 35, Localitatea Vernesti, Judetul Buzau, Romania', 'Vernesti', '756356', 'FBD8ACA10418439181A15C034A5B4D1A');

--CUSTOMER_ORDER
insert into CUSTOMER_ORDER (ID, DELIVERY_ADDRESS, ORDER_DATE, ORDER_DETAILS, ORDER_NUMBER, CUSTOMER_ID) values ('795C0D5D425647F0BE31B15A738FCF27', 'Strada Sasenilor, Nr 4, Localitatea Buzau, Judetul Buzau, Romania, 128632, Buzau', '2022-04-19 04:09:39.759361', 'Solicit magazinul a fie ambalate corespunzator, altfel voi refuza comanda!', 2, 'FBD8ACA10418439181A15C034A5B4D1A');
insert into CUSTOMER_ORDER (ID, DELIVERY_ADDRESS, ORDER_DATE, ORDER_DETAILS, ORDER_NUMBER, CUSTOMER_ID) values ('F92A6123D0904A2B9E16ECB7F2FC62DB', 'Strada Sasenilor, Nr 4, Localitatea Buzau, Judetul Buzau, Romania, 128632, Buzau', '2022-04-19 04:07:39.926890', 'Vreau sa fiu contactat cu 1 ora inainte de ajunge curierul!', 1, 'FBD8ACA10418439181A15C034A5B4D1A');

--ORDER_PRODUCTS
insert into ORDER_PRODUCTS (ORDER_ID, PRODUCT_ID) values ('795C0D5D425647F0BE31B15A738FCF27', '6D1C59972F774A2191C5B44D8E793E2A');
insert into ORDER_PRODUCTS (ORDER_ID, PRODUCT_ID) values ('795C0D5D425647F0BE31B15A738FCF27', '91675E7E9CBA469C8EF1EDE1263EE416');
insert into ORDER_PRODUCTS (ORDER_ID, PRODUCT_ID) values ('F92A6123D0904A2B9E16ECB7F2FC62DB', 'A315465F70BF420B8B84AB41B8135EFF');
insert into ORDER_PRODUCTS (ORDER_ID, PRODUCT_ID) values ('F92A6123D0904A2B9E16ECB7F2FC62DB', '75C00205F77C4413BB055C8047CD963D');
insert into ORDER_PRODUCTS (ORDER_ID, PRODUCT_ID) values ('F92A6123D0904A2B9E16ECB7F2FC62DB', '75C00205F77C4413BB055C8047CD963D');
insert into ORDER_PRODUCTS (ORDER_ID, PRODUCT_ID) values ('F92A6123D0904A2B9E16ECB7F2FC62DB', '6D1C59972F774A2191C5B44D8E793E2A');
insert into ORDER_PRODUCTS (ORDER_ID, PRODUCT_ID) values ('F92A6123D0904A2B9E16ECB7F2FC62DB', '91675E7E9CBA469C8EF1EDE1263EE416');
insert into ORDER_PRODUCTS (ORDER_ID, PRODUCT_ID) values ('F92A6123D0904A2B9E16ECB7F2FC62DB', '91675E7E9CBA469C8EF1EDE1263EE416');

